timestamp,pitch,setpoint,error,P,I,D,output
13.8274,-2.56,0.0,2.5625,0.3075,0.0018,0.0,0.3093
13.8406,-2.56,0.0,2.5625,0.3075,0.0137,0.0,0.3212
13.8556,-2.56,0.0,2.5625,0.3075,0.0271,0.0,0.3346
13.8689,-2.56,0.0,2.5625,0.3075,0.039,0.0,0.3465
13.8855,-2.56,0.0,2.5625,0.3075,0.0539,0.0,0.3614
13.8985,-2.56,0.0,2.5625,0.3075,0.0656,0.0,0.3731
13.9153,-2.56,0.0,2.5625,0.3075,0.0806,0.0,0.3881
13.9283,-2.5,0.0,2.5,0.3,0.092,-0.288,0.1041
13.9411,-2.5,0.0,2.5,0.3,0.1032,-0.2016,0.2016
13.9539,-2.44,0.0,2.4375,0.2925,0.1141,-0.4341,-0.0274
13.9668,-2.44,0.0,2.4375,0.2925,0.1252,-0.3038,0.1138
13.9794,-2.44,0.0,2.4375,0.2925,0.1359,-0.2127,0.2157
13.9921,-2.44,0.0,2.4375,0.2925,0.1468,-0.1489,0.2904
14.0048,-2.5,0.0,2.5,0.3,0.1579,0.1907,0.6486
14.0176,-2.69,0.0,2.6875,0.3225,0.1699,1.0161,1.5085
14.0326,-2.75,0.0,2.75,0.33,0.1843,0.9616,1.4759
14.0475,-2.75,0.0,2.75,0.33,0.1986,0.6731,1.2017
14.0628,-2.81,0.0,2.8125,0.3375,0.2137,0.7155,1.2667
14.0769,-2.75,0.0,2.75,0.33,0.2273,0.2348,0.7921
14.09,-2.69,0.0,2.6875,0.3225,0.2396,-0.123,0.4391
14.1026,-2.56,0.0,2.5625,0.3075,0.2509,-0.6799,-0.1215
14.1172,-2.44,0.0,2.4375,0.2925,0.2634,-0.9892,-0.4333
14.1302,-2.25,0.0,2.25,0.27,0.2736,-1.5582,-1.0146
14.1429,-2.12,0.0,2.125,0.255,0.283,-1.6819,-1.1439
14.1555,-2.06,0.0,2.0625,0.2475,0.2921,-1.4757,-0.936
14.1683,-1.88,0.0,1.875,0.225,0.3006,-1.908,-1.3824
14.1835,-1.81,0.0,1.8125,0.2175,0.3102,-1.5823,-1.0546
14.1962,-1.69,0.0,1.6875,0.2025,0.3177,-1.6977,-1.1775
14.2088,-1.44,0.0,1.4375,0.1725,0.324,-2.3806,-1.8841
14.2245,-1.25,0.0,1.25,0.15,0.3309,-2.3849,-1.9041
14.2386,-0.81,0.0,0.8125,0.0975,0.3349,-3.5209,-3.0884
14.2515,-0.56,0.0,0.5625,0.0675,0.3374,-3.6354,-3.2304
14.2674,-0.38,0.0,0.375,0.045,0.3395,-3.251,-2.8665
14.2802,0.06,0.0,-0.0625,-0.0075,0.3393,-4.3224,-3.9907
14.2932,0.25,0.0,-0.25,-0.03,0.3381,-3.8931,-3.5849
14.3062,0.44,0.0,-0.4375,-0.0525,0.3361,-3.5892,-3.3056
14.3191,0.88,0.0,-0.875,-0.105,0.3322,-4.5486,-4.3215
14.3338,1.12,0.0,-1.125,-0.135,0.3264,-4.2062,-4.0148
14.3469,1.31,0.0,-1.3125,-0.1575,0.3204,-3.8005,-3.6376
14.3601,1.81,0.0,-1.8125,-0.2175,0.312,-4.9321,-4.8376
14.3777,2.06,0.0,-2.0625,-0.2475,0.2993,-4.3041,-4.2523
14.3905,2.62,0.0,-2.625,-0.315,0.2876,-5.6648,-5.6922
14.4033,2.88,0.0,-2.875,-0.345,0.2746,-5.1301,-5.2005
14.4185,3.19,0.0,-3.1875,-0.3825,0.2577,-4.8278,-4.9526
14.4314,3.69,0.0,-3.6875,-0.4425,0.241,-5.7029,-5.9044
14.4442,4.0,0.0,-4.0,-0.48,0.2231,-5.4533,-5.7102
14.4571,4.25,0.0,-4.25,-0.51,0.204,-4.9859,-5.2919
14.4697,4.62,0.0,-4.625,-0.555,0.1835,-5.2686,-5.6401
14.485,4.88,0.0,-4.875,-0.585,0.1574,-4.6702,-5.0977
14.4979,5.06,0.0,-5.0625,-0.6075,0.1346,-4.1431,-4.616
14.5109,5.38,0.0,-5.375,-0.645,0.1101,-4.3367,-4.8716
14.5283,5.56,0.0,-5.5625,-0.6675,0.0761,-3.681,-4.2724
14.5409,5.81,0.0,-5.8125,-0.6975,0.0506,-3.7692,-4.4162
14.5541,5.94,0.0,-5.9375,-0.7125,0.0233,-3.2099,-3.8991
14.5692,6.06,0.0,-6.0625,-0.7275,-0.0088,-2.7436,-3.4799
14.5822,6.25,0.0,-6.25,-0.75,-0.0373,-2.7832,-3.5705
14.5951,6.25,0.0,-6.25,-0.75,-0.0656,-1.9482,-2.7638
14.6088,6.31,0.0,-6.3125,-0.7575,-0.0958,-1.638,-2.4913
14.6218,6.25,0.0,-6.25,-0.75,-0.1242,-0.8581,-1.7323
14.6394,6.19,0.0,-6.1875,-0.7425,-0.1622,-0.3869,-1.2916
14.6521,6.0,0.0,-6.0,-0.72,-0.1891,0.6088,-0.3003
14.6693,5.81,0.0,-5.8125,-0.6975,-0.2241,1.0805,0.1589
14.6822,5.5,0.0,-5.5,-0.66,-0.2489,2.2125,1.3036
14.6951,5.25,0.0,-5.25,-0.63,-0.2725,2.7148,1.8124
14.7079,5.0,0.0,-5.0,-0.6,-0.295,3.0652,2.1702
14.7209,4.69,0.0,-4.6875,-0.5625,-0.3162,3.5979,2.7192
14.7355,4.38,0.0,-4.375,-0.525,-0.3386,3.8018,2.9382
14.7483,4.06,0.0,-4.0625,-0.4875,-0.3568,4.1231,3.2788
14.7611,3.44,0.0,-3.4375,-0.4125,-0.3723,5.8091,5.0244
14.7766,3.12,0.0,-3.125,-0.375,-0.3892,5.2798,4.5156
14.7909,2.44,0.0,-2.4375,-0.2925,-0.4014,6.5685,5.8746
14.8038,2.12,0.0,-2.125,-0.255,-0.4109,6.0614,5.3955
14.8202,1.75,0.0,-1.75,-0.21,-0.421,5.612,4.981
14.8331,1.0,0.0,-1.0,-0.12,-0.4255,7.4254,6.8799
14.846,0.62,0.0,-0.625,-0.075,-0.4283,6.9337,6.4304
14.8593,0.25,0.0,-0.25,-0.03,-0.4295,6.5431,6.0836
14.8723,-0.31,0.0,0.3125,0.0375,-0.4281,7.1841,6.7935
14.8882,-0.62,0.0,0.625,0.075,-0.4246,6.2106,5.861
14.9014,-0.94,0.0,0.9375,0.1125,-0.4203,5.7595,5.4517
14.9165,-1.56,0.0,1.5625,0.1875,-0.4121,6.5308,6.3062
14.9313,-1.81,0.0,1.8125,0.2175,-0.4026,5.5811,5.396
14.9443,-2.38,0.0,2.375,0.285,-0.3918,6.5095,6.4026
14.9575,-2.69,0.0,2.6875,0.3225,-0.3795,5.9797,5.9227
14.9718,-3.12,0.0,3.125,0.375,-0.3637,6.0133,6.0246
14.9874,-3.25,0.0,3.25,0.39,-0.346,4.6899,4.7339
15.0013,-3.31,0.0,3.3125,0.3975,-0.3299,3.5532,3.6208
15.0145,-3.44,0.0,3.4375,0.4125,-0.3141,3.0568,3.1553
15.0313,-3.44,0.0,3.4375,0.4125,-0.2938,2.1398,2.2584
15.0446,-3.38,0.0,3.375,0.405,-0.2781,1.217,1.344
15.0586,-3.25,0.0,3.25,0.39,-0.2624,0.3074,0.435
15.0729,-3.06,0.0,3.0625,0.3675,-0.2468,-0.5595,-0.4388
15.0888,-2.88,0.0,2.875,0.345,-0.2308,-1.1003,-0.9862
15.1025,-2.69,0.0,2.6875,0.3225,-0.218,-1.5932,-1.4887
15.1179,-2.19,0.0,2.1875,0.2625,-0.2062,-3.0659,-3.0096
15.1324,-1.94,0.0,1.9375,0.2325,-0.1963,-3.1771,-3.1409
15.1459,-1.31,0.0,1.3125,0.1575,-0.1902,-5.0038,-5.0365
15.1593,-0.94,0.0,0.9375,0.1125,-0.1858,-5.1817,-5.255
15.1734,-0.25,0.0,0.25,0.03,-0.1845,-6.5564,-6.7109
15.1888,0.12,0.0,-0.125,-0.015,-0.1852,-6.0501,-6.2503
15.2025,0.56,0.0,-0.5625,-0.0675,-0.1879,-6.1806,-6.436
15.2159,1.5,0.0,-1.5,-0.18,-0.195,-8.4693,-8.8442
15.2348,1.94,0.0,-1.9375,-0.2325,-0.2078,-7.3162,-7.7565
15.2505,2.94,0.0,-2.9375,-0.3525,-0.2238,-8.9747,-9.551
15.2644,3.94,0.0,-3.9375,-0.4725,-0.2432,-10.5575,-11.2732
15.2827,4.44,0.0,-4.4375,-0.5325,-0.2716,-9.0286,-9.8327
15.2966,5.5,0.0,-5.5,-0.66,-0.2978,-11.0077,-11.9655
15.3101,5.94,0.0,-5.9375,-0.7125,-0.3264,-9.6082,-10.6471
15.3241,6.88,0.0,-6.875,-0.825,-0.36,-10.7538,-11.9389
15.3416,7.38,0.0,-7.375,-0.885,-0.4054,-9.2369,-10.5272
15.355,8.25,0.0,-8.25,-0.99,-0.4439,-10.3959,-11.8298
15.3728,8.62,0.0,-8.625,-1.035,-0.4979,-8.5362,-10.0691
15.3884,9.31,0.0,-9.3125,-1.1175,-0.5486,-8.6253,-10.2914
15.4022,9.69,0.0,-9.6875,-1.1625,-0.5954,-7.6665,-9.4245
15.4162,10.31,0.0,-10.3125,-1.2375,-0.6458,-8.0545,-9.9378
15.4333,10.62,0.0,-10.625,-1.275,-0.7095,-6.7321,-8.7167
15.4471,11.12,0.0,-11.125,-1.335,-0.7631,-6.8941,-8.9922
15.4606,11.38,0.0,-11.375,-1.365,-0.8169,-5.9354,-8.1173
15.4747,11.75,0.0,-11.75,-1.41,-0.875,-5.7468,-8.0319
15.492,11.88,0.0,-11.875,-1.425,-0.9469,-4.4566,-6.8285
15.5057,12.0,0.0,-12.0,-1.44,-1.0044,-3.667,-6.1114
15.5235,12.0,0.0,-12.0,-1.44,-1.0792,-2.5669,-5.0861
15.5373,11.88,0.0,-11.875,-1.425,-1.1367,-1.2544,-3.8161
15.5506,11.75,0.0,-11.75,-1.41,-1.1914,-0.3147,-2.9161
15.5648,11.62,0.0,-11.625,-1.395,-1.2491,0.309,-2.3351
15.5805,11.25,0.0,-11.25,-1.35,-1.3109,1.6486,-1.0124
15.5952,11.0,0.0,-11.0,-1.32,-1.3673,2.1785,-0.5088
15.6089,10.44,0.0,-10.4375,-1.2525,-1.4176,3.977,1.3069
15.6249,10.12,0.0,-10.125,-1.215,-1.4738,3.9659,1.2771
15.6417,9.5,0.0,-9.5,-1.14,-1.5299,4.9964,2.3264
15.6555,9.12,0.0,-9.125,-1.095,-1.5742,5.1203,2.451
15.6721,8.25,0.0,-8.25,-0.99,-1.622,6.7578,4.1458
15.6861,7.12,0.0,-7.125,-0.855,-1.657,9.5389,7.0269
15.7004,6.5,0.0,-6.5,-0.78,-1.6895,9.3026,6.8331
15.7145,5.81,0.0,-5.8125,-0.6975,-1.7182,9.4301,7.0143
15.7318,4.38,0.0,-4.375,-0.525,-1.7447,11.5887,9.319
15.7466,2.88,0.0,-2.875,-0.345,-1.7596,14.1922,12.0875
15.7604,2.06,0.0,-2.0625,-0.2475,-1.7696,13.471,11.4539
15.7759,1.38,0.0,-1.375,-0.165,-1.777,12.0993,10.1573
15.7896,-0.12,0.0,0.125,0.015,-1.7764,15.0229,13.2615
15.8029,-0.88,0.0,0.875,0.105,-1.7723,13.894,12.2267
15.8166,-2.31,0.0,2.3125,0.2775,-1.7613,16.0538,14.57
15.832,-2.94,0.0,2.9375,0.3525,-1.7454,13.6606,12.2678
15.8464,-3.62,0.0,3.625,0.435,-1.7271,12.43,11.1378
15.8595,-4.88,0.0,4.875,0.585,-1.7048,14.4186,13.2989
15.8759,-5.5,0.0,5.5,0.66,-1.6732,12.3826,11.3694
15.8892,-6.62,0.0,6.625,0.795,-1.6426,13.7845,12.9369
15.9024,-7.19,0.0,7.1875,0.8625,-1.6093,12.1937,11.447
15.9158,-7.75,0.0,7.75,0.93,-1.5729,11.054,10.4111
15.929,-8.81,0.0,8.8125,1.0575,-1.532,12.544,12.0695
15.946,-9.25,0.0,9.25,1.11,-1.4772,10.3301,9.963
15.9595,-10.12,0.0,10.125,1.215,-1.4291,11.1051,10.8909
15.9766,-10.5,0.0,10.5,1.26,-1.3664,9.0912,8.9848
15.9898,-11.06,0.0,11.0625,1.3275,-1.3152,8.9162,8.9285
16.0033,-11.25,0.0,11.25,1.35,-1.2623,7.0793,7.167
16.0171,-11.38,0.0,11.375,1.365,-1.2072,5.4975,5.6553
16.0306,-11.5,0.0,11.5,1.38,-1.1528,4.403,4.6302
16.0472,-11.56,0.0,11.5625,1.3875,-1.0858,3.3087,3.6104
16.0606,-11.56,0.0,11.5625,1.3875,-1.0312,2.3161,2.6723
16.0768,-11.5,0.0,11.5,1.38,-0.9661,1.3896,1.8036
16.09,-11.38,0.0,11.375,1.365,-0.9138,0.4018,0.853
16.1033,-11.25,0.0,11.25,1.35,-0.8613,-0.2813,0.2074
16.117,-11.06,0.0,11.0625,1.3275,-0.8084,-1.0207,-0.5016
16.1304,-10.5,0.0,10.5,1.26,-0.7591,-3.2318,-2.7309
16.1472,-10.12,0.0,10.125,1.215,-0.6996,-3.6015,-3.0861
16.1612,-9.19,0.0,9.1875,1.1025,-0.6546,-6.5385,-6.0906
16.1775,-8.69,0.0,8.6875,1.0425,-0.6049,-6.4148,-5.9773
16.1931,-7.56,0.0,7.5625,0.9075,-0.5637,-8.8239,-8.4801
16.2067,-7.0,0.0,7.0,0.84,-0.5304,-8.6596,-8.35
16.2204,-5.88,0.0,5.875,0.705,-0.5021,-10.9657,-10.7629
16.2377,-5.25,0.0,5.25,0.63,-0.4703,-9.8446,-9.6849
16.2537,-3.94,0.0,3.9375,0.4725,-0.4483,-11.8091,-11.7849
16.2678,-3.19,0.0,3.1875,0.3825,-0.4326,-11.4638,-11.5139
16.2814,-1.5,0.0,1.5,0.18,-0.4254,-15.4883,-15.7337
16.3,-0.62,0.0,0.625,0.075,-0.4214,-13.6676,-14.014
16.3139,1.19,0.0,-1.1875,-0.1425,-0.4272,-17.3746,-17.9442
16.329,2.19,0.0,-2.1875,-0.2625,-0.4387,-16.1353,-16.8365
16.3446,4.06,0.0,-4.0625,-0.4875,-0.4609,-18.4989,-19.4473
16.3579,4.94,0.0,-4.9375,-0.5925,-0.484,-16.8868,-17.9633
16.3714,6.75,0.0,-6.75,-0.81,-0.5157,-19.9217,-21.2474
16.3881,7.62,0.0,-7.625,-0.915,-0.5605,-17.0751,-18.5505
16.4022,9.25,0.0,-9.25,-1.11,-0.606,-18.8809,-20.5969
16.416,10.06,0.0,-10.0625,-1.2075,-0.6546,-16.7533,-18.6154
16.4296,11.56,0.0,-11.5625,-1.3875,-0.7095,-18.3529,-20.45
16.4454,12.31,0.0,-12.3125,-1.4775,-0.7778,-15.6885,-17.9437
16.4594,12.94,0.0,-12.9375,-1.5525,-0.8411,-13.6644,-16.0579
16.475,14.19,0.0,-14.1875,-1.7025,-0.9187,-14.3625,-16.9837
16.4899,15.31,0.0,-15.3125,-1.8375,-0.9983,-14.5982,-17.434
16.5034,15.81,0.0,-15.8125,-1.8975,-1.0731,-12.4397,-15.4102
16.517,16.31,0.0,-16.3125,-1.9575,-1.1509,-10.909,-14.0174
16.5304,17.19,0.0,-17.1875,-2.0625,-1.2312,-11.5687,-14.8624
16.5481,17.5,0.0,-17.5,-2.1,-1.3396,-9.1577,-12.5973
16.5614,18.06,0.0,-18.0625,-2.1675,-1.424,-8.9364,-12.528
16.5824,18.25,0.0,-18.25,-2.19,-1.5578,-6.7929,-10.5406
16.5995,18.5,0.0,-18.5,-2.22,-1.6685,-5.6322,-9.5207
16.6131,18.69,0.0,-18.6875,-2.2425,-1.7577,-4.7678,-8.7679
16.6297,18.69,0.0,-18.6875,-2.2425,-1.8664,-3.3374,-7.4463
16.6429,18.56,0.0,-18.5625,-2.2275,-1.952,-1.7669,-5.9464
16.6561,18.5,0.0,-18.5,-2.22,-2.0377,-0.9535,-5.2112
16.6704,18.38,0.0,-18.375,-2.205,-2.1297,-0.1434,-4.4781
16.6854,17.88,0.0,-17.875,-2.145,-2.2236,1.9002,-2.4684
16.7007,17.56,0.0,-17.5625,-2.1075,-2.3173,2.5597,-1.8651
16.7141,16.75,0.0,-16.75,-2.01,-2.396,5.4222,1.0162
16.7303,16.31,0.0,-16.3125,-1.9575,-2.4887,5.4126,0.9664
16.7457,15.19,0.0,-15.1875,-1.8225,-2.5705,8.1724,3.7794
16.7593,14.56,0.0,-14.5625,-1.7475,-2.6396,8.4875,4.1004
16.7729,13.12,0.0,-13.125,-1.575,-2.7022,12.2681,7.9908
16.7902,12.44,0.0,-12.4375,-1.4925,-2.7776,10.97,6.6999
16.8036,10.88,0.0,-10.875,-1.305,-2.8287,14.6699,10.5363
16.8169,9.94,0.0,-9.9375,-1.1925,-2.8749,14.498,10.4306
16.8313,9.06,0.0,-9.0625,-1.0875,-2.9203,13.8182,9.8104
16.8473,7.0,0.0,-7.0,-0.84,-2.9596,17.3843,13.5847
16.8611,5.88,0.0,-5.875,-0.705,-2.9879,17.0691,13.3761
16.8744,3.62,0.0,-3.625,-0.435,-3.0049,22.065,18.6252
16.8908,2.44,0.0,-2.4375,-0.2925,-3.0188,19.7975,16.4862
16.9041,0.12,0.0,-0.125,-0.015,-3.0194,24.289,21.2546
16.9174,-1.0,0.0,1.0,0.12,-3.0148,22.0757,19.1809
16.9319,-2.12,0.0,2.125,0.255,-3.004,20.1157,17.3667
16.9469,-4.25,0.0,4.25,0.51,-2.9816,22.567,20.0954
16.9603,-5.31,0.0,5.3125,0.6375,-2.9568,20.5639,18.2446
16.9741,-7.38,0.0,7.375,0.885,-2.9217,23.5062,21.4695
16.9911,-8.31,0.0,8.3125,0.9975,-2.8715,19.7102,17.8362
17.0049,-10.06,0.0,10.0625,1.2075,-2.8231,21.44,19.8244
17.0182,-10.88,0.0,10.875,1.305,-2.7725,18.6781,17.2105
17.0326,-12.5,0.0,12.5,1.5,-2.7095,19.8438,18.6343
17.0501,-13.31,0.0,13.3125,1.5975,-2.6278,16.6695,15.6392
17.0637,-14.81,0.0,14.8125,1.7775,-2.5572,18.2803,17.5006
17.0816,-15.5,0.0,15.5,1.86,-2.4601,15.1002,14.5001
17.095,-16.81,0.0,16.8125,2.0175,-2.3816,16.4734,16.1093
17.1082,-17.31,0.0,17.3125,2.0775,-2.3011,13.7893,13.5657
17.1208,-17.75,0.0,17.75,2.13,-2.2229,11.7387,11.6458
17.133,-18.31,0.0,18.3125,2.1975,-2.1448,10.9887,11.0414
17.1452,-18.56,0.0,18.5625,2.2275,-2.0657,8.9242,9.0859
17.1575,-18.75,0.0,18.75,2.25,-1.9848,7.1594,7.4246
17.1698,-18.94,0.0,18.9375,2.2725,-1.9035,5.9289,6.2979
17.1828,-19.06,0.0,19.0625,2.2875,-1.8166,4.7255,5.1965
17.1949,-19.25,0.0,19.25,2.31,-1.7354,4.2417,4.8163
17.2071,-19.31,0.0,19.3125,2.3175,-1.6528,3.2762,3.9409
17.2201,-19.25,0.0,19.25,2.31,-1.5653,2.0049,2.7496
17.2338,-19.0,0.0,19.0,2.28,-1.4737,0.3136,1.1199
17.2516,-18.75,0.0,18.75,2.25,-1.3568,-0.6227,0.2704
17.265,-18.06,0.0,18.0625,2.1675,-1.2727,-3.5346,-2.6398
17.2829,-17.62,0.0,17.625,2.115,-1.1633,-3.9547,-3.003
17.296,-16.56,0.0,16.5625,1.9875,-1.0864,-7.5732,-6.6721
17.3092,-16.0,0.0,16.0,1.92,-1.0123,-7.852,-6.9444
17.3228,-15.44,0.0,15.4375,1.8525,-0.939,-7.9835,-7.07
17.3362,-14.12,0.0,14.125,1.695,-0.8727,-11.4615,-10.6392
17.3532,-13.44,0.0,13.4375,1.6125,-0.7924,-10.4398,-9.6198
17.3666,-11.94,0.0,11.9375,1.4325,-0.7367,-14.0576,-13.3619
17.3835,-11.06,0.0,11.0625,1.3275,-0.6713,-12.949,-12.2928
17.398,-9.06,0.0,9.0625,1.0875,-0.6253,-17.3353,-16.8731
17.4114,-7.94,0.0,7.9375,0.9525,-0.5881,-17.1767,-16.8123
17.4249,-5.62,0.0,5.625,0.675,-0.5614,-22.2423,-22.1286
17.4405,-4.44,0.0,4.4375,0.5325,-0.5372,-20.1403,-20.1449
17.4548,-1.88,0.0,1.875,0.225,-0.5278,-24.8371,-25.1399
17.4685,-0.62,0.0,0.625,0.075,-0.5248,-22.8691,-23.3189
17.4843,0.56,0.0,-0.5625,-0.0675,-0.5279,-20.538,-21.1334
17.4978,2.94,0.0,-2.9375,-0.3525,-0.5418,-24.9227,-25.8169
17.5112,4.12,0.0,-4.125,-0.495,-0.5612,-22.7515,-23.8076
17.5249,6.44,0.0,-6.4375,-0.7725,-0.5921,-26.0434,-27.4079
17.5399,7.62,0.0,-7.625,-0.915,-0.6322,-22.9715,-24.5187
17.5553,8.75,0.0,-8.75,-1.05,-0.6791,-20.4826,-22.2117
17.5685,10.94,0.0,-10.9375,-1.3125,-0.7298,-24.2566,-26.2989
17.5849,11.94,0.0,-11.9375,-1.4325,-0.7985,-20.6283,-22.8593
17.5983,13.88,0.0,-13.875,-1.665,-0.8634,-23.1346,-25.663
17.6118,14.88,0.0,-14.875,-1.785,-0.9335,-20.6536,-23.372
17.6253,15.81,0.0,-15.8125,-1.8975,-1.0084,-18.6111,-21.517
17.6404,17.56,0.0,-17.5625,-2.1075,-1.1009,-20.0028,-23.2112
17.6557,18.38,0.0,-18.375,-2.205,-1.1992,-17.1941,-20.5982
17.6691,19.88,0.0,-19.875,-2.385,-1.293,-18.7094,-22.3873
17.6853,20.5,0.0,-20.5,-2.46,-1.4092,-15.411,-19.2802
17.6986,21.5,0.0,-21.5,-2.58,-1.509,-15.3126,-19.4016
17.7119,21.94,0.0,-21.9375,-2.6325,-1.6114,-12.6868,-16.9307
17.7255,22.31,0.0,-22.3125,-2.6775,-1.7171,-10.5431,-14.9378
17.742,22.94,0.0,-22.9375,-2.7525,-1.8497,-9.6513,-14.2535
17.7562,23.38,0.0,-23.375,-2.805,-1.9665,-8.5941,-13.3656
17.7693,23.56,0.0,-23.5625,-2.8275,-2.0742,-6.8777,-11.7794
17.7858,23.69,0.0,-23.6875,-2.8425,-2.2101,-5.2719,-10.3245
17.7993,23.69,0.0,-23.6875,-2.8425,-2.3228,-3.6904,-8.8556
17.8127,23.62,0.0,-23.625,-2.835,-2.4339,-2.3043,-7.5733
17.8265,23.5,0.0,-23.5,-2.82,-2.5469,-1.0669,-6.4339
17.8417,23.12,0.0,-23.125,-2.775,-2.6685,0.751,-4.6925
17.8568,22.81,0.0,-22.8125,-2.7375,-2.7905,1.753,-3.7749
17.8701,22.12,0.0,-22.125,-2.655,-2.8935,4.3279,-1.2206
17.8861,21.75,0.0,-21.75,-2.61,-3.0159,4.4285,-1.1974
17.8995,20.88,0.0,-20.875,-2.505,-3.1137,7.023,1.4043
17.9142,20.31,0.0,-20.3125,-2.4375,-3.2179,7.2182,1.5628
17.928,18.94,0.0,-18.9375,-2.2725,-3.3097,11.0099,5.4277
17.946,18.12,0.0,-18.125,-2.175,-3.4234,10.4259,4.8274
17.9594,16.44,0.0,-16.4375,-1.9725,-3.5004,14.8635,9.3905
17.9727,15.56,0.0,-15.5625,-1.8675,-3.5733,14.3305,8.8898
17.9873,14.5,0.0,-14.5,-1.74,-3.6471,14.4131,9.0259
18.0032,12.31,0.0,-12.3125,-1.4775,-3.7156,18.3494,13.1563
18.0168,11.06,0.0,-11.0625,-1.3275,-3.7683,18.3589,13.2632
18.0302,8.69,0.0,-8.6875,-1.0425,-3.8091,23.4642,18.6126
18.0467,7.44,0.0,-7.4375,-0.8925,-3.8522,20.9569,16.2122
18.06,4.69,0.0,-4.6875,-0.5625,-3.8739,27.1349,22.6985
18.073,3.25,0.0,-3.25,-0.39,-3.8887,25.5907,21.3119
18.0877,1.88,0.0,-1.875,-0.225,-3.8984,23.5265,19.4031
18.1028,-0.62,0.0,0.625,0.075,-3.8951,26.4596,22.6395
18.1162,-1.94,0.0,1.9375,0.2325,-3.886,24.3959,20.7424
18.1292,-4.38,0.0,4.375,0.525,-3.8661,28.3315,24.9903
18.1469,-5.62,0.0,5.625,0.675,-3.8313,24.0704,20.9141
18.1602,-8.0,0.0,8.0,0.96,-3.794,27.5556,24.7215
18.1735,-9.06,0.0,9.0625,1.0875,-3.7518,24.0808,21.4165
18.1885,-10.06,0.0,10.0625,1.2075,-3.699,20.8556,18.3641
18.2035,-12.12,0.0,12.125,1.455,-3.6353,22.8515,20.6712
18.2166,-13.19,0.0,13.1875,1.5825,-3.5745,20.8348,18.8427
18.2301,-15.25,0.0,15.25,1.83,-3.503,23.8143,22.1413
18.2477,-16.25,0.0,16.25,1.95,-3.4028,20.0771,18.6243
18.261,-18.0,0.0,18.0,2.16,-3.319,21.9504,20.7914
18.2742,-18.75,0.0,18.75,2.25,-3.2321,18.7633,17.7812
18.2886,-19.38,0.0,19.375,2.325,-3.1343,15.7347,14.9254
18.3029,-20.38,0.0,20.375,2.445,-3.0324,15.2097,14.6224
18.3161,-20.75,0.0,20.75,2.49,-2.9366,12.3533,11.9067
18.3302,-21.44,0.0,21.4375,2.5725,-2.8308,11.5719,11.3136
18.348,-21.75,0.0,21.75,2.61,-2.6953,9.1539,9.0686
18.3612,-22.31,0.0,22.3125,2.6775,-2.5922,8.9634,9.0488
18.3745,-22.5,0.0,22.5,2.7,-2.4876,7.1215,7.3339
18.3893,-22.62,0.0,22.625,2.715,-2.3707,5.4933,5.8375
18.4044,-22.62,0.0,22.625,2.715,-2.251,3.8453,4.3093
18.4177,-22.56,0.0,22.5625,2.7075,-2.1454,2.4111,2.9732
18.431,-22.06,0.0,22.0625,2.6475,-2.0431,-0.5751,0.0293
18.4485,-21.75,0.0,21.75,2.61,-1.9099,-1.4746,-0.7745
18.4618,-20.94,0.0,20.9375,2.5125,-1.8124,-4.6969,-3.9968
18.475,-20.44,0.0,20.4375,2.4525,-1.7177,-5.5527,-4.8178
18.4901,-19.94,0.0,19.9375,2.3925,-1.6126,-5.8802,-5.1003
18.5058,-18.88,0.0,18.875,2.265,-1.5091,-8.183,-7.4271
18.5191,-18.25,0.0,18.25,2.19,-1.4242,-8.5505,-7.7847
18.5323,-16.81,0.0,16.8125,2.0175,-1.3461,-12.4793,-11.8079
18.5492,-15.94,0.0,15.9375,1.9125,-1.2521,-11.853,-11.1926
18.5628,-14.0,0.0,14.0,1.68,-1.1853,-16.8261,-16.3315
18.5762,-13.0,0.0,13.0,1.56,-1.1242,-16.2442,-15.8084
18.5904,-10.69,0.0,10.6875,1.2825,-1.0711,-21.1416,-20.9302
18.6055,-9.38,0.0,9.375,1.125,-1.0216,-20.0232,-19.9199
18.6188,-8.12,0.0,8.125,0.975,-0.9838,-19.6517,-19.6604
18.6327,-5.5,0.0,5.5,0.66,-0.9576,-25.3345,-25.6321
18.6497,-4.06,0.0,4.0625,0.4875,-0.933,-22.7266,-23.1722
18.6631,-1.25,0.0,1.25,0.15,-0.9272,-28.5214,-29.2985
18.6765,0.0,0.0,0.0,0.0,-0.9272,-25.5418,-26.469
18.6908,1.38,0.0,-1.375,-0.165,-0.9341,-23.659,-24.7581
18.7058,4.25,0.0,-4.25,-0.51,-0.9564,-28.0303,-29.4967
18.7191,5.62,0.0,-5.625,-0.675,-0.9826,-25.8348,-27.4924
18.7324,8.31,0.0,-8.3125,-0.9975,-1.0212,-30.2174,-32.2361
18.7502,9.62,0.0,-9.625,-1.155,-1.0811,-25.5844,-27.8205
18.7635,12.12,0.0,-12.125,-1.455,-1.1375,-29.1825,-31.7751
18.7766,13.31,0.0,-13.3125,-1.5975,-1.1989,-25.8422,-28.6385
18.7914,14.44,0.0,-14.4375,-1.7325,-1.2734,-22.6685,-25.6743
18.8055,16.69,0.0,-16.6875,-2.0025,-1.3554,-25.4745,-28.8324
18.8187,17.81,0.0,-17.8125,-2.1375,-1.4384,-22.9034,-26.4793
18.8322,19.81,5.0,-14.8125,-1.7775,-1.5082,-24.9464,-28.2322
18.85,20.81,5.0,-15.8125,-1.8975,-1.6064,-20.8436,-24.3475
18.8638,22.5,5.0,-17.5,-2.1,-1.6913,-21.8961,-25.6874
18.8772,23.19,5.0,-18.1875,-2.1825,-1.7765,-18.4091,-22.3681
18.892,23.88,5.0,-18.875,-2.265,-1.8745,-15.6662,-19.8058
18.9069,25.0,5.0,-20.0,-2.4,-1.9784,-15.5158,-19.8942
18.9223,25.5,5.0,-20.5,-2.46,-2.0887,-12.8126,-17.3613
18.9375,26.38,5.0,-21.375,-2.565,-2.2027,-12.4131,-17.1808
18.9524,26.75,5.0,-21.75,-2.61,-2.316,-10.2007,-15.1267
18.9656,27.31,5.0,-22.3125,-2.6775,-2.419,-9.6998,-14.7963
18.9788,27.5,5.0,-22.5,-2.7,-2.5234,-7.6384,-12.8619
18.993,27.75,5.0,-22.75,-2.73,-2.6359,-6.4089,-11.7748
19.0104,27.75,5.0,-22.75,-2.73,-2.7752,-4.4863,-9.9915
19.0238,27.5,5.0,-22.5,-2.7,-2.8801,-2.0142,-7.5943
19.0417,27.31,5.0,-22.3125,-2.6775,-3.0199,-0.7817,-6.4791
19.055,26.69,5.0,-21.6875,-2.6025,-3.1209,2.2733,-3.4501
19.0685,26.31,5.0,-21.3125,-2.5575,-3.2219,3.2525,-2.5268
19.0823,25.88,5.0,-20.875,-2.505,-3.3224,4.1856,-1.6418
19.0955,24.94,5.0,-19.9375,-2.3925,-3.4148,7.1773,1.37
19.1123,24.44,5.0,-19.4375,-2.3325,-3.5291,6.8097,0.9482
19.1254,23.31,5.0,-18.3125,-2.1975,-3.6129,9.9271,4.1167
19.1423,22.56,5.0,-17.5625,-2.1075,-3.7167,9.6132,3.789
19.1553,21.0,5.0,-16.0,-1.92,-3.7898,13.9127,8.2029
19.1683,20.06,5.0,-15.0625,-1.8075,-3.8585,14.058,8.392
19.1817,19.06,5.0,-14.0625,-1.6875,-3.9241,14.3395,8.7279
19.1948,16.94,5.0,-11.9375,-1.4325,-3.9788,19.7762,14.3649
19.2126,15.81,5.0,-10.8125,-1.2975,-4.0463,17.6269,12.283
19.2258,13.25,5.0,-8.25,-0.99,-4.0843,24.0304,18.9561
19.2427,11.88,5.0,-6.875,-0.825,-4.1251,21.685,16.7348
19.2563,9.06,5.0,-4.0625,-0.4875,-4.1443,27.6599,23.028
19.2693,7.62,5.0,-2.625,-0.315,-4.1563,25.9729,21.5015
19.2838,6.06,5.0,-1.0625,-0.1275,-4.1617,24.6323,20.343
19.2969,2.88,5.0,2.125,0.255,-4.152,31.8899,27.9929
19.3134,1.38,5.0,3.625,0.435,-4.1311,27.7702,24.0742
19.3265,-1.44,5.0,6.4375,0.7725,-4.1016,32.3381,29.009
19.3433,-2.81,5.0,7.8125,0.9375,-4.0556,27.5436,24.4254
19.3567,-5.5,5.0,10.5,1.26,-4.0064,31.3155,28.5691
19.3699,-6.88,5.0,11.875,1.425,-3.9516,28.1826,25.656
19.3838,-8.12,5.0,13.125,1.575,-3.8879,25.1308,22.818
19.3968,-10.5,5.0,15.5,1.86,-3.8172,28.5346,26.5774
19.414,-11.69,5.0,16.6875,2.0025,-3.7166,24.1105,22.3964
19.4286,-14.12,5.0,19.125,2.295,-3.6191,26.9233,25.5992
19.4443,-15.38,5.0,20.375,2.445,-3.5069,23.6098,22.5479
19.4584,-17.56,5.0,22.5625,2.7075,-3.3958,25.8553,25.1671
19.472,-18.56,5.0,23.5625,2.8275,-3.2837,22.5128,22.0566
19.4853,-20.06,5.0,25.0625,3.0075,-3.1668,22.5141,22.3549
19.5038,-20.62,5.0,25.625,3.075,-3.0012,17.5884,17.6621
19.5172,-21.69,5.0,26.6875,3.2025,-2.8755,17.0488,17.3758
19.5306,-22.12,5.0,27.125,3.255,-2.7481,13.8889,14.3959
19.5452,-22.56,5.0,27.5625,3.3075,-2.6079,11.5293,12.2289
19.5584,-23.38,5.0,28.375,3.405,-2.4769,11.7648,12.693
19.5716,-23.75,5.0,28.75,3.45,-2.3435,9.9324,11.0389
19.5856,-24.06,5.0,29.0625,3.4875,-2.2011,8.2924,9.5788
19.5994,-24.5,5.0,29.5,3.54,-2.0591,7.7132,9.1941
19.6154,-24.56,5.0,29.5625,3.5475,-1.8937,5.6339,7.2877
19.6286,-24.56,5.0,29.5625,3.5475,-1.7563,3.9437,5.7349
19.6448,-24.38,5.0,29.375,3.525,-1.5896,2.0667,4.0021
19.6581,-23.88,5.0,28.875,3.465,-1.4561,-0.8244,1.1845
19.6713,-23.5,5.0,28.5,3.42,-1.3236,-2.2711,-0.1747
19.6855,-23.06,5.0,28.0625,3.3675,-1.1848,-3.4478,-1.2651
19.6989,-22.12,5.0,27.125,3.255,-1.0569,-6.5868,-4.3887
19.7155,-21.56,5.0,26.5625,3.1875,-0.903,-6.65,-4.3655
19.729,-20.38,5.0,25.375,3.045,-0.7827,-9.9134,-7.651
19.7455,-19.75,5.0,24.75,2.97,-0.6403,-9.2208,-6.8911
19.7587,-18.31,5.0,23.3125,2.7975,-0.5323,-12.9697,-10.7044
19.772,-17.5,5.0,22.5,2.7,-0.4277,-12.7501,-10.4778
19.786,-16.56,5.0,21.5625,2.5875,-0.3223,-12.9543,-10.6891
19.7993,-14.5,5.0,19.5,2.34,-0.2314,-18.3547,-16.2461
19.816,-13.44,5.0,18.4375,2.2125,-0.1237,-16.6693,-14.5805
19.8293,-11.06,5.0,16.0625,1.9275,-0.0487,-22.3508,-20.4721
19.8464,-9.69,5.0,14.6875,1.7625,0.0391,-20.4744,-18.6728
19.8631,-6.81,5.0,11.8125,1.4175,0.1078,-24.7082,-23.1829
19.8771,-5.38,5.0,10.375,1.245,0.1587,-23.4477,-22.0439
19.8931,-2.31,5.0,7.3125,0.8775,0.1998,-27.8531,-26.7757
19.9075,0.69,5.0,4.3125,0.5175,0.2215,-32.0376,-31.2986
19.9213,2.19,5.0,2.8125,0.3375,0.2351,-28.9303,-28.3576
19.9357,3.69,5.0,1.3125,0.1575,0.2418,-26.4873,-26.0881
19.9502,6.69,5.0,-1.6875,-0.2025,0.2332,-30.9949,-30.9642
19.9674,8.12,5.0,-3.125,-0.375,0.2144,-26.7009,-26.8616
19.9813,11.0,5.0,-6.0,-0.72,0.1853,-31.146,-31.6807
19.9972,12.38,5.0,-7.375,-0.885,0.1442,-26.989,-27.7297
20.0117,15.0,5.0,-10.0,-1.2,0.0935,-29.7671,-30.8736
20.025,16.25,5.0,-11.25,-1.35,0.041,-26.4624,-27.7713
20.0382,18.81,5.0,-13.8125,-1.6575,-0.0229,-30.156,-31.8364
20.0546,20.0,5.0,-15.0,-1.8,-0.1089,-25.4581,-27.367
20.0683,22.31,5.0,-17.3125,-2.0775,-0.1922,-27.9154,-30.185
20.0813,23.38,5.0,-18.375,-2.205,-0.2754,-24.466,-26.9464
20.0971,24.38,5.0,-19.375,-2.325,-0.383,-20.909,-23.617
20.1092,26.06,5.0,-21.0625,-2.5275,-0.472,-23.0185,-26.018
20.1213,26.81,5.0,-21.8125,-2.6175,-0.5642,-19.8385,-23.0203
20.1333,27.56,5.0,-22.5625,-2.7075,-0.6593,-17.6257,-20.9924
20.1478,28.19,5.0,-23.1875,-2.7825,-0.7766,-14.932,-18.4911
20.1598,29.31,5.0,-24.3125,-2.9175,-0.8793,-16.0452,-19.8419
20.172,29.75,5.0,-24.75,-2.97,-0.985,-13.3833,-17.3383
20.1841,30.19,5.0,-25.1875,-3.0225,-1.0916,-11.5379,-15.652
20.198,30.56,5.0,-25.5625,-3.0675,-1.2154,-9.7027,-13.9857
20.21,31.06,5.0,-26.0625,-3.1275,-1.3251,-9.2868,-13.7394
20.2221,31.25,5.0,-26.25,-3.15,-1.4362,-7.4313,-12.0175
20.2341,31.31,5.0,-26.3125,-3.1575,-1.547,-5.5136,-10.2181
20.2482,31.38,5.0,-26.375,-3.165,-1.6766,-4.1265,-8.9682
20.2602,31.19,5.0,-26.1875,-3.1425,-1.787,-1.9544,-6.8839
20.2724,31.0,5.0,-26.0,-3.12,-1.8975,-0.4416,-5.4591
20.2845,30.69,5.0,-25.6875,-3.0825,-2.0071,1.2295,-3.8601
20.2984,30.31,5.0,-25.3125,-3.0375,-2.1302,2.4792,-2.6886
20.3105,29.38,5.0,-24.375,-2.925,-2.2333,6.3923,1.2341
20.3226,28.88,5.0,-23.875,-2.865,-2.3339,6.9664,1.7675
20.3349,28.38,5.0,-23.375,-2.805,-2.4346,7.3133,2.0737
20.3489,27.81,5.0,-22.8125,-2.7375,-2.547,7.5176,2.2332
20.3614,26.56,5.0,-21.5625,-2.5875,-2.6407,11.3012,6.0731
20.3738,25.88,5.0,-20.875,-2.505,-2.7317,11.2229,5.9862
20.3862,25.12,5.0,-20.125,-2.415,-2.8192,11.4792,6.245
20.3994,23.31,5.0,-18.3125,-2.1975,-2.9038,16.2749,11.1737
20.412,22.31,5.0,-17.3125,-2.0775,-2.9796,16.1842,11.1271
20.4244,21.25,5.0,-16.25,-1.95,-3.0503,16.4588,11.4585
20.4369,20.12,5.0,-15.125,-1.815,-3.1165,16.9165,11.985
20.4499,17.62,5.0,-12.625,-1.515,-3.174,23.3749,18.6859
20.4626,16.25,5.0,-11.25,-1.35,-3.2239,22.8791,18.3053
20.4752,14.81,5.0,-9.8125,-1.1775,-3.2674,22.8246,18.3797
20.4879,13.31,5.0,-8.3125,-0.9975,-3.3042,23.0878,18.7861
20.5006,10.25,5.0,-5.25,-0.63,-3.3274,30.6803,26.7229
20.5143,8.81,5.0,-3.8125,-0.4575,-3.3458,27.7529,23.9497
20.5269,7.31,5.0,-2.3125,-0.2775,-3.356,26.5454,22.9119
20.54,5.94,5.0,-0.9375,-0.1125,-3.3603,24.8805,21.4077
20.5532,3.12,5.0,1.875,0.225,-3.3517,30.2593,27.1326
20.5698,1.69,5.0,3.3125,0.3975,-3.3324,26.3641,23.4293
20.5832,-1.12,5.0,6.125,0.735,-3.3037,31.0829,28.5142
20.5997,-2.5,5.0,7.5,0.9,-3.2603,26.7434,24.3831
20.6129,-5.19,5.0,10.1875,1.2225,-3.2135,30.9956,29.0047
20.6264,-6.5,5.0,11.5,1.38,-3.1589,27.5085,25.7296
20.6396,-7.75,5.0,12.75,1.53,-3.1002,24.9535,23.3833
20.6522,-10.25,5.0,15.25,1.83,-3.0326,29.314,28.1114
20.6695,-11.5,5.0,16.5,1.98,-2.9329,24.8627,23.9099
20.6822,-13.62,5.0,18.625,2.235,-2.8499,27.4199,26.805
20.6996,-14.62,5.0,19.625,2.355,-2.7306,22.6484,22.2728
20.7126,-16.56,5.0,21.5625,2.5875,-2.6326,24.8087,24.7636
20.7256,-17.44,5.0,22.4375,2.6925,-2.5306,21.4059,21.5679
20.7386,-18.19,5.0,23.1875,2.7825,-2.4252,18.4513,18.8086
20.7514,-19.62,5.0,24.625,2.955,-2.3143,19.6196,20.2603
20.7643,-20.19,5.0,25.1875,3.0225,-2.2008,16.3538,17.1755
20.7771,-20.69,5.0,25.6875,3.0825,-2.0854,13.7847,14.7819
20.7906,-21.12,5.0,26.125,3.135,-1.962,11.5944,12.7674
20.8035,-21.88,5.0,26.875,3.225,-1.8413,11.6247,13.0084
20.8208,-22.19,5.0,27.1875,3.2625,-1.6764,9.2188,10.8049
20.8334,-22.62,5.0,27.625,3.315,-1.5544,8.5335,10.2942
20.8508,-22.75,5.0,27.75,3.33,-1.3856,6.4051,8.3495
20.8637,-22.88,5.0,27.875,3.345,-1.26,5.066,7.151
20.8767,-22.81,5.0,27.8125,3.3375,-1.1335,3.2575,5.4615
20.8893,-22.69,5.0,27.6875,3.3225,-1.0106,1.6891,4.001
20.9022,-22.19,5.0,27.1875,3.2625,-0.8884,-1.1552,1.2189
20.9148,-21.81,5.0,26.8125,3.2175,-0.7696,-2.586,-0.1381
20.9277,-21.38,5.0,26.375,3.165,-0.6509,-3.8503,-1.3361
20.9408,-20.88,5.0,25.875,3.105,-0.5327,-4.9946,-2.4223
20.9536,-21.06,5.0,26.0625,3.1275,-0.416,-2.6172,0.0943
20.9677,-21.12,5.0,26.125,3.135,-0.2874,-1.5654,1.2822
20.9816,-21.12,5.0,26.125,3.135,-0.1599,-1.0958,1.8793
20.9955,-19.81,5.0,24.8125,2.9775,-0.0392,-6.4332,-3.4949
21.0118,-19.06,5.0,24.0625,2.8875,0.0982,-7.2603,-4.2745
21.025,-17.25,5.0,22.25,2.67,0.201,-13.3271,-10.4561
21.0378,-16.31,5.0,21.3125,2.5575,0.2969,-13.7004,-10.8459
21.0525,-15.25,5.0,20.25,2.43,0.4009,-13.9359,-11.105
21.0654,-12.69,5.0,17.6875,2.1225,0.4804,-21.7243,-19.1213
21.0781,-11.31,5.0,16.3125,1.9575,0.5534,-21.6633,-19.1524
21.0911,-9.94,5.0,14.9375,1.7925,0.6214,-21.5107,-19.0968
21.104,-7.31,5.0,12.3125,1.4775,0.6769,-27.282,-25.1276
21.1195,-6.0,5.0,11.0,1.32,0.7364,-24.1895,-22.133
21.1324,-4.69,5.0,9.6875,1.1625,0.7801,-23.0399,-21.0973
21.145,-1.88,5.0,6.875,0.825,0.8104,-29.529,-27.8935
21.1624,-0.38,5.0,5.375,0.645,0.8432,-25.8404,-24.3522
21.1754,2.69,5.0,2.3125,0.2775,0.8537,-32.1965,-31.0652
21.1885,4.19,5.0,0.8125,0.0975,0.8575,-29.4284,-28.4734
21.2034,5.69,5.0,-0.6875,-0.0825,0.8539,-26.6404,-25.8691
21.2161,8.81,5.0,-3.8125,-0.4575,0.8369,-33.3937,-33.0143
21.2287,10.31,5.0,-5.3125,-0.6375,0.8133,-30.4806,-30.3047
21.2414,11.81,5.0,-6.8125,-0.8175,0.7831,-28.4262,-28.4606
21.2544,14.69,5.0,-9.6875,-1.1625,0.7392,-33.2149,-33.6383
21.2698,16.06,5.0,-11.0625,-1.3275,0.6796,-28.6138,-29.2617
21.283,17.31,5.0,-12.3125,-1.4775,0.6225,-25.6949,-26.5499
21.2957,19.62,5.0,-14.625,-1.755,0.5574,-28.8909,-30.0885
21.313,20.75,5.0,-15.75,-1.89,0.4621,-24.127,-25.555
21.326,22.75,5.0,-17.75,-2.13,0.3814,-26.1241,-27.8727
21.3389,23.69,5.0,-18.6875,-2.2425,0.2972,-22.658,-24.6033
21.3541,24.56,5.0,-19.5625,-2.3475,0.1933,-19.3205,-21.4747
21.3667,26.31,5.0,-21.3125,-2.5575,0.0992,-21.8434,-24.3017
21.3793,27.12,5.0,-22.125,-2.655,0.0015,-19.1562,-21.8097
21.392,27.81,5.0,-22.8125,-2.7375,-0.1003,-16.6448,-19.4826
21.4048,28.94,5.0,-23.9375,-2.8725,-0.2069,-16.9584,-20.0378
21.4175,29.44,5.0,-24.4375,-2.9325,-0.3159,-14.2247,-17.473
21.4302,29.81,5.0,-24.8125,-2.9775,-0.4259,-11.7334,-15.1368
21.4433,30.19,5.0,-25.1875,-3.0225,-0.5413,-9.9324,-13.4962
21.4562,30.69,5.0,-25.6875,-3.0825,-0.6578,-9.268,-13.0083
21.474,30.88,5.0,-25.875,-3.105,-0.8191,-7.119,-11.0431
21.4867,31.0,5.0,-26.0,-3.12,-0.9344,-5.5755,-9.6298
21.504,30.94,5.0,-25.9375,-3.1125,-1.0916,-3.6864,-7.8905
21.5171,30.75,5.0,-25.75,-3.09,-1.2096,-1.7206,-6.0202
21.53,30.5,5.0,-25.5,-3.06,-1.3243,-0.038,-4.4223
21.5428,30.19,5.0,-25.1875,-3.0225,-1.4374,1.4358,-3.0241
21.5556,29.31,5.0,-24.3125,-2.9175,-1.5467,5.0904,0.6262
21.5696,28.75,5.0,-23.75,-2.85,-1.6628,5.9802,1.4674
21.5823,28.12,5.0,-23.125,-2.775,-1.7657,7.1342,2.5934
21.5956,26.69,5.0,-21.6875,-2.6025,-1.8663,11.5043,7.0355
21.6085,25.94,5.0,-20.9375,-2.5125,-1.9607,11.5453,7.072
21.6251,25.19,5.0,-20.1875,-2.4225,-2.078,10.7927,6.2922
21.6378,23.69,5.0,-18.6875,-2.2425,-2.161,14.6449,10.2414
21.6548,22.88,5.0,-17.875,-2.145,-2.2675,13.1171,8.7047
21.6679,20.94,5.0,-15.9375,-1.9125,-2.3405,18.0582,13.8052
21.6807,19.88,5.0,-14.875,-1.785,-2.4073,17.6134,13.4212
21.6937,18.75,5.0,-13.75,-1.65,-2.4701,17.5024,13.3824
21.7067,16.19,5.0,-11.1875,-1.3425,-2.5207,24.1384,20.2751
21.7223,14.81,5.0,-9.8125,-1.1775,-2.5744,22.1783,18.4264
21.7357,13.38,5.0,-8.375,-1.005,-2.6138,21.9356,18.3168
21.7486,10.38,5.0,-5.375,-0.645,-2.638,29.3665,26.0836
21.7654,8.88,5.0,-3.875,-0.465,-2.6608,25.9018,22.776
21.7785,5.81,5.0,-0.8125,-0.0975,-2.6645,32.1428,29.3808
21.7917,4.38,5.0,0.625,0.075,-2.6617,29.0552,26.4686
21.8063,3.0,5.0,2.0,0.24,-2.6514,25.9937,23.5822
21.8189,0.12,5.0,4.875,0.585,-2.6299,31.8363,29.7914
21.8318,-1.31,5.0,6.3125,0.7575,-2.6014,28.9902,27.1463
21.8448,-2.81,5.0,7.8125,0.9375,-2.5658,27.196,25.5677
21.858,-5.56,5.0,10.5625,1.2675,-2.517,31.5423,30.2928
21.876,-6.88,5.0,11.875,1.425,-2.4423,26.4583,25.441
21.8887,-9.5,5.0,14.5,1.74,-2.3779,30.9445,30.3065
21.906,-10.81,5.0,15.8125,1.8975,-2.2819,26.2012,25.8168
21.9189,-13.19,5.0,18.1875,2.1825,-2.2,29.4059,29.3884
21.9318,-14.31,5.0,19.3125,2.3175,-2.1128,25.8181,26.0228
21.9445,-15.38,5.0,20.375,2.445,-2.0223,23.0971,23.5198
21.9576,-17.44,5.0,22.4375,2.6925,-1.9195,25.6251,26.3981
21.9718,-18.38,5.0,23.375,2.805,-1.8032,21.8918,22.8937
21.9846,-19.25,5.0,24.25,2.91,-1.6945,19.4239,20.6394
21.9978,-20.88,5.0,25.875,3.105,-1.5747,20.9689,22.4992
22.0105,-21.56,5.0,26.5625,3.1875,-1.4571,17.9389,19.6693
22.0272,-22.19,5.0,27.1875,3.2625,-1.2984,14.8059,16.77
22.04,-23.19,5.0,28.1875,3.3825,-1.1724,15.0639,17.274
22.0569,-23.56,5.0,28.5625,3.4275,-1.003,11.8719,14.2964
22.0699,-24.19,5.0,29.1875,3.5025,-0.8696,11.1836,13.8165
22.0827,-24.44,5.0,29.4375,3.5325,-0.7379,9.0021,11.7966
22.0954,-24.62,5.0,29.625,3.555,-0.6063,7.1876,10.1363
22.1083,-24.88,5.0,29.875,3.585,-0.4713,6.1932,9.3069
22.1231,-24.88,5.0,29.875,3.585,-0.3171,4.3353,7.6031
22.136,-24.88,5.0,29.875,3.585,-0.1817,3.0347,6.438
22.1487,-24.5,5.0,29.5,3.54,-0.0509,0.3489,3.838
22.1636,-24.25,5.0,29.25,3.51,0.1013,-0.7648,2.8465
22.1784,-23.88,5.0,28.875,3.465,0.2514,-2.0499,1.6665
22.1913,-22.88,5.0,27.875,3.345,0.3773,-6.0868,-2.3645
22.2078,-22.31,5.0,27.3125,3.2775,0.5349,-6.3079,-2.4955
22.2205,-21.0,5.0,26.0,3.12,0.6506,-10.6065,-6.8359
22.2335,-20.38,5.0,25.375,3.045,0.7654,-10.3252,-6.5147
22.2464,-19.69,5.0,24.6875,2.9625,0.8776,-10.4046,-6.5645
22.2594,-18.12,5.0,23.125,2.775,0.9826,-14.5121,-10.7545
22.2744,-17.19,5.0,22.1875,2.6625,1.0993,-13.9011,-10.1393
22.2871,-16.19,5.0,21.1875,2.5425,1.1933,-14.4626,-10.7268
22.3007,-14.12,5.0,19.125,2.295,1.2844,-19.2262,-15.6469
22.3178,-12.88,5.0,17.875,2.145,1.3914,-17.8401,-14.3037
22.3306,-10.06,5.0,15.0625,1.8075,1.4589,-25.6752,-22.4088
22.3435,-8.62,5.0,13.625,1.635,1.5202,-24.6774,-21.5222
22.3587,-7.19,5.0,12.1875,1.4625,1.5852,-22.9414,-19.8937
22.3714,-4.0,5.0,9.0,1.08,1.6252,-31.0886,-28.3833
22.3842,-2.44,5.0,7.4375,0.8925,1.6585,-29.1046,-26.5536
22.3969,-0.94,5.0,5.9375,0.7125,1.6848,-27.4719,-25.0746
22.4098,1.94,5.0,3.0625,0.3675,1.6987,-32.5796,-30.5134
22.4245,3.44,5.0,1.5625,0.1875,1.7067,-28.9425,-27.0483
22.4373,4.94,5.0,0.0625,0.0075,1.707,-27.2838,-25.5694
22.45,8.0,5.0,-3.0,-0.36,1.6936,-33.5219,-32.1883
22.4638,9.5,5.0,-4.5,-0.54,1.6718,-29.9736,-28.8418
22.4796,10.94,5.0,-5.9375,-0.7125,1.6391,-26.4508,-25.5242
22.4925,13.62,5.0,-8.625,-1.035,1.6001,-30.9991,-30.434
22.5091,15.0,5.0,-10.0,-1.2,1.5422,-26.6928,-26.3505
22.5218,17.69,5.0,-12.6875,-1.5225,1.4856,-31.3212,-31.3582
22.5345,18.94,5.0,-13.9375,-1.6725,1.4237,-27.8369,-28.0857
22.5473,20.19,5.0,-15.1875,-1.8225,1.3556,-25.3419,-25.8088
22.5606,22.5,5.0,-17.5,-2.1,1.2743,-28.1918,-29.0175
22.5735,23.5,5.0,-18.5,-2.22,1.1909,-24.3948,-25.4238
22.5862,24.5,5.0,-19.5,-2.34,1.1038,-21.7733,-23.0095
22.5998,25.38,5.0,-20.375,-2.445,1.0069,-19.1079,-20.5459
22.6126,26.94,5.0,-21.9375,-2.6325,0.9085,-20.6863,-22.4103
22.6298,27.62,5.0,-22.625,-2.715,0.7723,-16.8784,-18.8212
22.6427,28.81,5.0,-23.8125,-2.8575,0.6649,-17.3474,-19.54
22.6598,29.25,5.0,-24.25,-2.91,0.5195,-13.6757,-16.0662
22.6729,30.06,5.0,-25.0625,-3.0075,0.4049,-13.3035,-15.9061
22.6858,30.38,5.0,-25.375,-3.045,0.2906,-10.7691,-13.5235
22.6987,30.56,5.0,-25.5625,-3.0675,0.1746,-8.4059,-11.2989
22.7116,30.94,5.0,-25.9375,-3.1125,0.0583,-7.6406,-10.6948
22.7256,31.0,5.0,-26.0,-3.12,-0.0699,-5.6147,-8.8046
22.7385,31.0,5.0,-26.0,-3.12,-0.1868,-3.9303,-7.2371
22.7514,30.75,5.0,-25.75,-3.09,-0.3033,-1.5903,-4.9836
22.7641,30.56,5.0,-25.5625,-3.0675,-0.4166,-0.2249,-3.709
22.7807,30.25,5.0,-25.25,-3.03,-0.5638,0.9683,-2.6254
22.7934,29.56,5.0,-24.5625,-2.9475,-0.6728,3.9308,0.3105
22.8105,29.12,5.0,-24.125,-2.895,-0.8174,4.284,0.5716
22.8233,28.06,5.0,-23.0625,-2.7675,-0.9201,8.0093,4.3216
